record_id,name,name_contact_person_db,email_contact_person_db,link_contact_form,country,datatype,ongoing,link,type_ehr,type_insurance_claims,type_dz_cohort,type_national_registry,type_other,pub_title_1,pub_title_2,pub_title_3,pub_title_4,pub_title_5,pub_title_6,pub_title_7,pub_title_8,pub_title_9,pub_title_10,pub_title_11,pub_title_12,pub_title_13,pub_title_14,pub_title_15,pub_title_16,pub_title_17,pub_title_18,pub_title_19,author_contact_1,author_contact_2,author_contact_3,author_contact_4,author_contact_5,author_contact_6,author_contact_7,author_contact_8,author_contact_9,author_contact_10,author_contact_11,author_contact_12,author_contact_13,author_contact_14,author_contact_15,author_contact_16,author_contact_17,author_contact_18,author_contact_19,data_dictionary,data_dictionary_link
1,"4 Hospitals in Hubei Province, China",NA,NA,NA,Other: China,Hospital data (electronic health record),3,NA,1,0,0,0,NA,"Effectiveness of Systemic Corticosteroids Therapy for Nonsevere Patients With COVID-19: A Multicenter, Retrospective, Longitudinal Cohort Study.",NA,NA,NA,NA,NA,NA,NA,NA,NA,NA,NA,NA,NA,NA,NA,NA,NA,NA,"Yanhong Gong, PhD, Department of Social Medicine and
Health Management, Tongji Medical College, Huazhong University of Sci-
ence and Technology, Wuhan 430030, P. R. China. Email: gongyanhong@
hust.edu.cn",NA,NA,NA,NA,NA,NA,NA,NA,NA,NA,NA,NA,NA,NA,NA,NA,NA,NA,No,NA
2,AP-HP Datawarehouse,NA,NA,https://eds.aphp.fr/contact/feedback,France,Hospital data (electronic health record),1,https://eds.aphp.fr/nos-services/recherche-innovation,1,0,0,0,NA,Association between antidepressant use and reduced risk of intubation or death in hospitalized patients with COVID-19: results from an observational study.,Observational study of haloperidol in hospitalized patients with COVID-19.,Association between benzodiazepine receptor agonist use and mortality in patients hospitalised for COVID-19: a multicentre observational study.,NA,NA,NA,NA,NA,NA,NA,NA,NA,NA,NA,NA,NA,NA,NA,NA,"Nicolas Hoertel, nico.hoertel@yahoo.fr","Marina Sanchez-Rico
De´partement de Psychiatrie, Hoˆpital Corentin-Celton, Centre Universite´ de Paris, AP-HP, Issy-les-
Moulineaux, France
marinals@ucm.es","N. Hoertel,
E-mail: nico.hoertel@yahoo.fr;
nicolas.hoertel@aphp.fr",NA,NA,NA,NA,NA,NA,NA,NA,NA,NA,NA,NA,NA,NA,NA,NA,No,NA
3,Agency for Health Protection (AHP) of Milan,NA,NA,NA,Other: Italy,"National registries (e.g. death registry, cancer registry, etc.)",3,NA,0,0,0,1,NA,"Metabolic syndrome and risk of COVID-19-related hospitalization: a large, population-based cohort study carried out during the first European outbreak of SARS-CoV-2 infection in the Metropolitan area of Milan (Lombardy Region, Northern Italy).",NA,NA,NA,NA,NA,NA,NA,NA,NA,NA,NA,NA,NA,NA,NA,NA,NA,NA,Antonio Giampiero Russo; agrusso@ats-milano.it,NA,NA,NA,NA,NA,NA,NA,NA,NA,NA,NA,NA,NA,NA,NA,NA,NA,NA,No,NA
4,Amsterdam UMC,NA,rdm@amsterdamumc.nl,NA,Other: Netherlands,Hospital data (electronic health record),1,[Reuse of health care data for scientific research (amsterdamumc.org)](https://www.amsterdamumc.org/en/research/support/services-facilities/data-management/reuse-of-health-care-data-for-scientific-research.htm),1,0,0,0,NA,Increasing serum iron levels and their role in the risk of infectious diseases: a Mendelian randomization approach.,NA,NA,NA,NA,NA,NA,NA,NA,NA,NA,NA,NA,NA,NA,NA,NA,NA,NA,"Corresponding author. Lady Davis Institute for Medical Research, Jewish General Hospital, Pavilion H-413, 3755 Coˆte-
Ste-Catherine, Montre´ al, QC H3T 1E2, Canada. E-mail: brent.richards@mcgill.ca",NA,NA,NA,NA,NA,NA,NA,NA,NA,NA,NA,NA,NA,NA,NA,NA,NA,NA,No,NA
5,Bellvitge University Hospital Data Warehouse,"Sebastià Videla
PI of https://catalogues.ema.europa.eu/node/3004/administrative-details",svidela@bellvitgehospital.cat,NA,Spain,Hospital data (electronic health record),3,NA,1,0,0,0,NA,Effect of positive microbiological testing on antibiotic de-escalation and outcomes in community-acquired pneumonia: a propensity score analysis.,NA,NA,NA,NA,NA,NA,NA,NA,NA,NA,NA,NA,NA,NA,NA,NA,NA,NA,"Gudiol, Hospital Universitari de Bellvitge, Department of Infectious Diseases, Hospital de Bellvitge, c/ Feixa Llarga s/n 08097, L'Hospitalet d’Llobregat, Barcelona, Spain.
cgudiol@bellvitgehospital.cat",NA,NA,NA,NA,NA,NA,NA,NA,NA,NA,NA,NA,NA,NA,NA,NA,NA,NA,No,NA
6,Brazilian COVID-19 Registry.,NA,NA,NA,NA,NA,3,NA,0,0,0,0,NA,NA,NA,NA,NA,NA,NA,NA,NA,NA,NA,NA,NA,NA,NA,NA,NA,NA,NA,NA,NA,NA,NA,NA,NA,NA,NA,NA,NA,NA,NA,NA,NA,NA,NA,NA,NA,NA,NA,No,NA
7,CORIST Collaboration,"PI: Augusto Di Castelnuovo, MSc, PhD
IRCCS Neuromed",dicastel@ngi.it,NA,Other: Italy,Hospital data (electronic health record),3,https://www.ahajournals.org/doi/10.1161/HYPERTENSIONAHA.120.15370,1,0,0,0,NA,Use of hydroxychloroquine in hospitalised COVID-19 patients is associated with reduced mortality: Findings from the observational multicentre Italian CORIST study.,Heparin in COVID-19 Patients Is Associated with Reduced In-Hospital Mortality: The Multicenter Italian CORIST Study.,NA,NA,NA,NA,NA,NA,NA,NA,NA,NA,NA,NA,NA,NA,NA,NA,NA,"Licia Iacoviello, Department of Epidemiology and Prevention, IRCCS Neuromed, Via dell’Elettronica, 86077 Pozzilli (IS), Italy. licia.iacoviello@moli-sani.org ","Licia Iacoviello, MD, PhD, Department of Epidemiology and Prevention, IRCCS Neuromed, Via dell’Elettronica, 86077 Pozzilli, Isernia, Italy (e-mail: licia.iacoviello@moli-sani.org)",NA,NA,NA,NA,NA,NA,NA,NA,NA,NA,NA,NA,NA,NA,NA,NA,NA,No,NA
8,CORONADO Study,NA,NA,NA,France,Hospital data (electronic health record),3,https://clinicaltrials.gov/study/NCT04324736?tab=table,1,0,0,0,NA,Routine use of statins and increased COVID-19 related mortality in inpatients with type 2 diabetes: Results from the CORONADO study.,Use of dipeptidyl peptidase-4 inhibitors and prognosis of COVID-19 in hospitalized patients with type 2 diabetes: A propensity score analysis from the CORONADO study.,Metformin use is associated with a reduced risk of mortality in patients with diabetes hospitalised for COVID-19.,NA,NA,NA,NA,NA,NA,NA,NA,NA,NA,NA,NA,NA,NA,NA,NA,"Bertrand Cariou, bertrand.cariou@univ-nantes.fr","bertrand.cariou@univ-nantes.fr
Bertrand Cariou, Department of Endocrinology, Diabetology and Nutrition, l'institut du thorax, CHU Nantes, Hôpital Guillaume et René Laennec, 44093 Nantes Cedex 01, France","Lalau.Jean-Daniel@chu-amiens.fr (J.-D. Lalau), Al-Salameh.Abdallah@chu-amiens.fr (A. Al-Salameh)",NA,NA,NA,NA,NA,NA,NA,NA,NA,NA,NA,NA,NA,NA,NA,NA,No,NA
9,COVID19@Spain cohort,"Principal Investigator: ""Jesús Rodríguez-Bano, Servicio de Enfermedades Infecciosas, Hospital Universitario Virgen Macarena, Avda Dr Fedriani 3, 41009 Seville. Spain. 
E-mail address: jesusrb@us.es (J. Rodríguez-Bano) """,jesusrb@us.es,NA,Spain,Hospital data (electronic health record),2,https://classic.clinicaltrials.gov/ct2/show/NCT04355871,1,0,0,0,NA,Treatment with tocilizumab or corticosteroids for COVID-19 patients with hyperinflammatory state: a multicentre cohort study (SAM-COVID-19).,NA,NA,NA,NA,NA,NA,NA,NA,NA,NA,NA,NA,NA,NA,NA,NA,NA,NA,"Jesús Rodríguez-Bano, Servicio de Enfermedades Infecciosas, Hospital Universitario Virgen Macarena, Avda Dr Fedriani 3, 41009 Seville. Spain. 
E-mail address: jesusrb@us.es (J. Rodríguez-Bano) ",NA,NA,NA,NA,NA,NA,NA,NA,NA,NA,NA,NA,NA,NA,NA,NA,NA,NA,No,NA
10,COVIREGI-JP,NA,NA,https://forms.office.com/Pages/ResponsePage.aspx?id=rfmKb0dWY02rIduJRTcy9zWARyAAK_9PtHty_O8zSjRUQkQzWlZWSDdPWUY5UFVKWDA3QkZDNklMNi4u,Japan,Hospital data (electronic health record); Disease specific network (cohort study),1,"https://rebind.ncgm.go.jp/coviregi/
https://academic.oup.com/cid/article/73/11/e3677/5912544",1,0,1,0,NA,Evaluation of the efficacy of anticoagulation therapy in reducing mortality in a nationwide cohort of hospitalized patients with coronavirus disease in Japan.,NA,NA,NA,NA,NA,NA,NA,NA,NA,NA,NA,NA,NA,NA,NA,NA,NA,NA,"Department of Cardiology, National Centre for Global Health and Medicine, 1-12-1 Toyama Shinjuku-ku, Tokyo 162-8655, Japan. Tel.: +81 3 3202 7181; fax: +81 3 3202 7364. E-mail address: hhara@hosp.ncgm.go.jp (H. Hara)",NA,NA,NA,NA,NA,NA,NA,NA,NA,NA,NA,NA,NA,NA,NA,NA,NA,NA,No,NA
11,DPC Japan,NA,NA,NA,Japan,Hospital data (electronic health record),1,"https://www.jstage.jst.go.jp/article/ace/1/3/1_76/_pdf#:~:text=The%20Diagnosis%20Procedure%20Combination%20(DPC,system%20(DPC%2F%20PDPS).",1,0,0,0,NA,Impact of corticosteroid administration within 7 days of the hospitalization for influenza pneumonia with respiratory failure: A propensity score analysis using a nationwide administrative database,Antithrombin and mortality in severe pneumonia patients with sepsis-associated disseminated intravascular coagulation: an observational nationwide study.,Adjunctive Corticosteroids decreased the risk of mortality of non-HIV Pneumocystis Pneumonia.,Azithromycin plus beta-lactam versus levofloxacin plus beta-lactam for severe community-acquired pneumonia: A retrospective nationwide database analysis.,Effects of additive corticosteroid therapy on 90-day survival in patients with community-onset pneumonia.,Early physical rehabilitation effectiveness in frail older patients hospitalized for community-acquired pneumonia: analysis of a nationwide database in Japan.,Association Between Systemic Corticosteroid Use and Mortality in Patients with Epiglottitis.,Intravenous methylprednisolone pulse therapy and the risk of in-hospital mortality among acute COVID-19 patients: Nationwide clinical cohort study.,Association between Legionella urinary antigen tests on admission and inhospital mortality in patients with atypical pneumonia: A nationwide database study.,NA,NA,NA,NA,NA,NA,NA,NA,NA,NA,"Takashi Kido
ido@nagasaki-u.ac.jp; Tel.: +81-95-819-7273","Takashi Tagami, Department of Clinical Epidemiology and Health Economics, School of Public Health, Graduate School of Medicine, University of Tokyo, 7‐3‐1 Hongo, Bunkyo‐ku, Tokyo 1138555, Japan.Tel.: +81 358411887; fax: +81 358411888.E‐mail:
t-tagami@nms.ac.jp","Kiyohide Fushimi

Department of Clinical Data Management and Research, Clinical Research Center, National Hospital Organization Headquarters, 2-5-21, Higashigaoka, Meguro-Ku, 152-8621, Tokyo, Japan. Electronic address: kfushimi.hci@tmd.ac.jp.","Corresponding author. Division of Infectious Diseases, Jichi Medical University Hospital, 3311-1 Yakushiji, Shimotsuke, Tochigi 329-0498, Japan. E-mail addresses: j-suzuki@jichi.ac.jp (J. Suzuki), sasabuchi-tky@umin.ac.jp (Y. Sasabuchi), shatake-tky@umin.ac.jp (S. Hatakeyama), ptmatsui-tky@umin.ac.jp (H. Matsui), protozoa@jichi.ac.jp (T. Sasahara), yujim@jichi.ac.jp (Y. Morisawa), yamadanji@jichi.ac.jp (T. Yamada), yasunagah-tky@umin.ac.jp (H. Yasunaga).","E-mail addresses: tachiwada-t@med.uoeh-u.ac.jp (T. Tachiwada), sn0920@med.uoeh-u.ac.jp (S. Noguchi), km@med.uoeh-u.ac.jp (K. Muramatsu), kentarouakata@med.uoeh-u.ac.jp (K. Akata), yamasaki@med.uoeh-u.ac.jp (K. Yamasaki), t-asakawa@med.uoeh-u.ac.jp (T. Asakawa), zenq@med.uoeh-u.ac.jp (Y. Fujino), kfushimi.hci@tmd.ac.jp (K. Fushimi), smatsuda@med.uoeh-u.ac.jp (S. Matsuda), hmukae@nagasaki-u.ac.jp (H. Mukae), yatera@med.uoeh-u.ac.jp (K. Yatera)","Akio Shimizu 
a.shimizu.diet@gmail.com","Yuya Kimura, MD, Clinical Research Center, National Hospital Organization Tokyo National Hospital, 3-1-1 Takeoka, Kiyose-shi, Tokyo 204-8585, Japan.

Email: yuk.close.to.wrd.34@gmail.com","Yasuharu Tokuda
yasuharu.tokuda@gmail.com","Masayuki Endo, Department of Clinical Epidemiology and Health Economics, School of Public Health, The University of Tokyo, 7-3-1 Hongo, Bunkyo-ku, Tokyo 113-0033, Japan. E-mail: emasayuki@m.u-tokyo.ac.jp",NA,NA,NA,NA,NA,NA,NA,NA,NA,NA,No,NA
12,DRC Ministry of Health’s COVID-19 Multi-Sectoral Response Committee database,NA,NA,NA,Other: Democratic Republic Congo,"Hospital data (electronic health record); National registries (e.g. death registry, cancer registry, etc.)",3,NA,1,0,0,1,NA,Clinical Characteristics and Outcomes of Patients Hospitalized for COVID-19 in Africa: Early Insights from the Democratic Republic of the Congo.,NA,NA,NA,NA,NA,NA,NA,NA,NA,NA,NA,NA,NA,NA,NA,NA,NA,NA,"Address correspondence to Jean B. Nachega, Department of Epidemiology, Infectious Diseases and Microbiology, Center for Global Health, University of Pittsburgh Graduate School of Public Health, 130 DeSoto St., Crabtree Hall A531, Pittsburgh, PA 15261. E-mail: jbn16@pitt.edu",NA,NA,NA,NA,NA,NA,NA,NA,NA,NA,NA,NA,NA,NA,NA,NA,NA,NA,No,NA
13,Department of Veterans Health Administration (VHA) healthcare system,NA,VAResearch@va.gov,NA,USA,Hospital data (electronic health record),1,"https://virec.research.va.gov/Non-VA-Researchers/Info_for_NonVA_Researchers.pdf; 
https://www.data.va.gov/",1,0,0,0,NA,Prior cardiovascular disease is associated with increased short and long-term mortality in COPD patients with community-acquired pneumonia,Prior cardiovascular disease increases long-term mortality in COPD patients with pneumonia.,Mortality Trends for Veterans Hospitalized With Heart Failure and Pneumonia Using Claims-Based vs Clinical Risk-Adjustment Variables.,Empirical Anti-MRSA vs Standard Antibiotic Therapy and Risk of 30-Day Mortality in Patients Hospitalized for Pneumonia.,Early initiation of prophylactic anticoagulation for prevention of coronavirus disease 2019 mortality in patients admitted to hospital in the United States: cohort study.,Early Convalescent Plasma Therapy and Mortality Among US Veterans Hospitalized With Nonsevere COVID-19: An Observational Analysis Emulating a Target Trial.,"Characteristics and outcomes of 627 044 COVID-19 patients living with and without obesity in the United States, Spain, and the United Kingdom.",Kidney Outcomes in Long COVID.,Risks and burdens of incident diabetes in long COVID: a cohort study.,Acute and postacute sequelae associated with SARS-CoV-2 reinfection.,Long-term neurologic outcomes of COVID-19.,Risks and burdens of incident dyslipidaemia in long COVID: a cohort study.,Nirmatrelvir and risk of hospital admission or death in adults with covid-19: emulation of a randomized target trial using electronic health records.,Molnupiravir and risk of post-acute sequelae of covid-19: cohort study.,Incidence and Outcomes of Non-Ventilator-Associated Hospital-Acquired Pneumonia in 284 US Hospitals Using Electronic Surveillance Criteria.,Mortality Among US Veterans Admitted to Community vs Veterans Health Administration Hospitals for COVID-19.,NA,NA,NA,"Marcos I. Restrepo, VERDICT (11C6), South Texas Veterans Health Care System ALMD, 7400 Merton Minter Boulevard, San Antonio, TX, 78229, USA. E-mail: restrepom@uthscsa.edu","M.I. Restrepo, VERDICT (11C6), South Texas Veterans Health Care System ALMD, 7400 Merton Minter Boulevard, San Antonio, TX, 78229, USA. E-mail: restrepom@uthscsa.edu","Amal N. Trivedi, MD, MPH, 121 S Main St, 7th Floor, Providence, RI 02903
(amal_trivedi@brown.edu).","Barbara
Ellen Jones, MD, MSc, Division of
Pulmonary and Critical Care, Veterans
Affairs Salt Lake City Health Care
System, 50 N Medical Dr,
Wintrobe 701, Salt Lake City, UT
84132 (barbara.jones@hsc.utah.edu)",C T Rentsch christopher.rentsch@lshtm.ac.uk (or @darthctr on Twitter)," Kelly Cho, PhD, VA Boston Healthcare System, 150 S. Huntington Avenue, 
Boston, MA 02130 (Kelly.Cho@va.gov).","Talita Duarte-Salles

Fundació Institut Universitari per a la recerca a l’Atenció Primària de Salut Jordi Gol i Gurina (IDIAPJGol), Barcelona, Spain
tduarte@idiapjgol.org"," Dr. Ziyad Al-Aly, Veterans Affairs Saint Louis Health Care System, 915 North Grand Boulevard, 151-JC, Saint Louis, MO 63106. Email: zalaly@gmail.com","Dr Ziyad Al-Aly, Clinical 
Epidemiology Center, and 
Development Service, 
VA Saint Louis Health Care 
System, Saint Louis, MO 63011, 
USA
ziyad.alaly@va.gov","Ziyad Al-Aly, Veterans Research and Education Foundation of St. Louis, St. Louis, MO, USA, zalaly@gmail.com","Z Al-Aly VA Saint Louis Health Care System, Saint Louis, MO 63106, USA zalaly@gmail.com (or @zalaly on Twitter)","Z Al-Aly VA Saint Louis Health Care System, Saint Louis, MO 63106, USA zalaly@gmail.com (or @zalaly on Twitter)","Z Al-Aly
zalaly@gmail.com 
(or @zalaly on Twitter; 
ORCID 0000-0002-2600-0434)","Z Al-Aly VA Saint Louis Health Care System, Saint Louis, MO 63106, USA zalaly@gmail.com (or @zalaly on Twitter)","Barbara E. Jones, MD, MS, University of Utah School of Medicine, 50 N Medical Dr, 701 Wintrobe, Salt Lake City, UT 84103 (ude.hatu.csh@senoj.arabraB).","Michael E. Ohl, MD, MSPH, Veterans Rural Health Resource Center–Iowa City, Iowa City Veterans Affairs Health Care System, 601 Highway 6 W, Bldg 42, Iowa City, IA 52246 (michael-ohl@uiowa.edu).",NA,NA,NA,No,NA
14,ESMO-CoCARE,NA,esmococare@esmo.org,NA,"Other: World-Wide (UK, Spain, Switzerland, Russia, South Korea, Philippines, ...)",Hospital data (electronic health record); Disease specific network (cohort study),3,https://www.esmo.org/covid-19-and-cancer/registries-studies-and-surveys/esmo-cocare-registry,1,0,1,0,NA,Immune checkpoint inhibitor therapy and outcomes from SARS-CoV-2 infection in patients with cancer: a joint analysis of OnCovid and ESMO-CoCARE registries.,NA,NA,NA,NA,NA,NA,NA,NA,NA,NA,NA,NA,NA,NA,NA,NA,NA,NA,Dr Alessio Cortellini; alessiocortellini@gmail.com,NA,NA,NA,NA,NA,NA,NA,NA,NA,NA,NA,NA,NA,NA,NA,NA,NA,NA,No,NA
15,Emergency-Rheum,NA,NA,NA,Other: China,Hospital data (electronic health record),3,NA,1,0,0,0,NA,Mortality risk prediction in lupus patients complicated with invasive infection in the emergency department: LUPHAS score,NA,NA,NA,NA,NA,NA,NA,NA,NA,NA,NA,NA,NA,NA,NA,NA,NA,NA,"Yi Chen, Department of Emergency Medicine, South Campus, Ren Ji Hospital, School of Medicine, Shanghai Jiao Tong University, No. 2000, 
Jiangyue Road, Minhang District, Shanghai 201112, China chenyirenji@126.com",NA,NA,NA,NA,NA,NA,NA,NA,NA,NA,NA,NA,NA,NA,NA,NA,NA,NA,No,NA
16,French COVID Cohort,Dominique will definitely know about this.,NA,NA,France,Hospital data (electronic health record); Disease specific network (cohort study),1,"https://clinicaltrials.gov/study/NCT04262921
https://orchestra-cohort.eu/cohort-statistics/",1,0,1,0,NA,Chronic use of renin-angiotensin-aldosterone system blockers and mortality in COVID-19: A multicenter prospective cohort and literature review.,NA,NA,NA,NA,NA,NA,NA,NA,NA,NA,NA,NA,NA,NA,NA,NA,NA,NA,"Nathalie Gault, INSERM CIC-EC 1425, Hôpital Bichat, 46 rue Henri Huchard, 75018 Paris

Email: nathalie.gault@aphp.fr",NA,NA,NA,NA,NA,NA,NA,NA,NA,NA,NA,NA,NA,NA,NA,NA,NA,NA,No,NA
17,German National Pandemic Cohort Network (NAPKON),NA,inof@napkon.de,Kontakt - NAPKON,NA,NA,3,NA,0,0,1,0,NA,NA,NA,NA,NA,NA,NA,NA,NA,NA,NA,NA,NA,NA,NA,NA,NA,NA,NA,NA,NA,NA,NA,NA,NA,NA,NA,NA,NA,NA,NA,NA,NA,NA,NA,NA,NA,NA,NA,No,NA
18,HIRA-Covid19,NA,NA,NA,South Korea,Insurance/claims data (prescription data),3,https://www.hira-covid19.net/,0,1,0,0,NA,The prognostic role of anticoagulants in COVID-19 patients: national COVID-19 cohort in South Korea.,NA,NA,NA,NA,NA,NA,NA,NA,NA,NA,NA,NA,NA,NA,NA,NA,NA,NA,"Young-Geun Choi, Assistant Professor. Department of Statistics, Sookmyung Women’s University, 99 Cheongpa-Ro-47-Gil, Yongsan-Gu, Seoul 04310, South Korea. Email: ygchoi@sm.ac.kr.",NA,NA,NA,NA,NA,NA,NA,NA,NA,NA,NA,NA,NA,NA,NA,NA,NA,NA,No,NA
19,HM Hospitales,NA,secretaria@mail.fundacionhm.com,NA,Spain,Hospital data (electronic health record),1,"https://www.internationalhm.com/en/investigation/investigation-lines

https://www.hmhospitales.com/SiteAssets/coronavirus/covid-data-save-lives/english-version/Aplication_for_acces_to_Dataset_V3%2520-%2520English.docx&ved=2ahUKEwj4mPa-1qiFAxWcEhAIHVK6C5cQFnoECBIQAQ&usg=AOvVaw3UYA7T8wISBeLQPSGy2Ioz",1,0,0,0,NA,The association between treatment with heparin and survival in patients with Covid-19.,The association of treatment with hydroxychloroquine and hospital mortality in COVID-19 patients.,Effects of tocilizumab on mortality in hospitalized patients with COVID-19: a multicentre cohort study.,NA,NA,NA,NA,NA,NA,NA,NA,NA,NA,NA,NA,NA,NA,NA,NA,"Luis Ayerbe 
l.garcia-morzon@qmul.ac.uk
Centre of Primary Care and Public Health, Queen Mary 
University of London, 58 Turner Street, London E1 2AB, 
UK","Luis Ayerbe 
l.garcia-morzon@qmul.ac.u","Javier Martínez-Sanz, Department of Infectious Diseases, Hospital Universitario Ramón y Cajal, Facultad de Medicina, Universidad de Alcalá (IRYCIS), Carretera de Colmenar Viejo, Km 9.100, 28034, Madrid, Spain.
javier.martinez.sanz@salud.madrid.org",NA,NA,NA,NA,NA,NA,NA,NA,NA,NA,NA,NA,NA,NA,NA,NA,No,NA
20,HOMERuN Network,"Andrew Auerbach (Available upon ""reasonable request"")",Andrew.auerbach@ucsf.edu,NA,USA,Hospital data (electronic health record),3,https://hospitalinnovate.org/projects/completed-projects/,1,0,0,0,NA,Venous thromboembolism (VTE) prevention and diagnosis in COVID-19: Practice patterns and outcomes at 33 hospitals.,NA,NA,NA,NA,NA,NA,NA,NA,NA,NA,NA,NA,NA,NA,NA,NA,NA,NA,"Anna Parks, anna.parks@hsc.utah.edu",NA,NA,NA,NA,NA,NA,NA,NA,NA,NA,NA,NA,NA,NA,NA,NA,NA,NA,No,NA
21,HSC Honest Broker Service,NA,NA,Contact us - Business Services Organisation (BSO) Website,NA,NA,3,NA,1,1,0,0,NA,NA,NA,NA,NA,NA,NA,NA,NA,NA,NA,NA,NA,NA,NA,NA,NA,NA,NA,NA,NA,NA,NA,NA,NA,NA,NA,NA,NA,NA,NA,NA,NA,NA,NA,NA,NA,NA,NA,No,NA
22,Harvard Pilgrim Health Care Institute (HCA Healthcare Networks),None found directly. Indirect: Analytics director Jessica Sturtevant Jessica_Sturtevant@hphci.harvard.edu,NA,NA,USA,Hospital data (electronic health record),3,NA,1,0,0,0,NA,Incidence and Outcomes of Non-Ventilator-Associated Hospital-Acquired Pneumonia in 284 US Hospitals Using Electronic Surveillance Criteria.,NA,NA,NA,NA,NA,NA,NA,NA,NA,NA,NA,NA,NA,NA,NA,NA,NA,NA,"Barbara E. Jones, MD, MS, University of Utah School of Medicine, 50 N Medical Dr, 701 Wintrobe, Salt Lake City, UT 84103 (ude.hatu.csh@senoj.arabraB).",NA,NA,NA,NA,NA,NA,NA,NA,NA,NA,NA,NA,NA,NA,NA,NA,NA,NA,No,NA
23,Health Insurance Review and Assessment Service (HIRA) database,NA,NA,NA,South Korea,Insurance/claims data (prescription data),3,hira-covid19.net is offline.,0,1,0,0,NA,Association Between Nonsteroidal Antiinflammatory Drug Use and Adverse Clinical Outcomes Among Adults Hospitalized With Coronavirus 2019 in South Korea: A Nationwide Study.,COVID-19-related outcomes in immunocompromised patients: A nationwide study in Korea.,The association between statin and COVID-19 adverse outcomes: national COVID-19 cohort in South Korea.,The association between immunosuppressants use and COVID-19 adverse outcomes: national COVID-19 cohort in South Korea.,NA,NA,NA,NA,NA,NA,NA,NA,NA,NA,NA,NA,NA,NA,NA,"Ju-Young Shin, School of Pharmacy, Sungkyunkwan University, 2066, Seobu-ro, Jangan-gu, Suwon, Gyeonggi-do 16419, South Korea; Samsung Advanced Institute for Health Sciences & Technology, Sungkyunkwan University, 81 Irwon-ro, Gangnam-gu, Seoul 06351, 
South Korea (shin.jy@skku.edu)","Sun-Young JungI
* E-mail: jsyoung@cau.ac.kr
College of Pharmacy, Chung-Ang University, Seoul, Republic of Korea, Department of Global Innovative Drugs, Graduate School of Chung-Ang University, Seoul, Republic of Korea","Young-Geun Choi, PhD. Assistant Professor, Department of Statistics, Sookmyung Women’s University, 99 Cheongpa-Ro-47-
Gil, Yongsan-Gu, Seoul 04310, South Korea. Email: ygchoi@sm.ac.kr","Young-Geun Choi, Assistant Professor, PhD. Department of Statistics, Sookmyung Women’s University, Seoul 04310, South 
Korea. Email: ygchoi@sm.ac.kr. ",NA,NA,NA,NA,NA,NA,NA,NA,NA,NA,NA,NA,NA,NA,NA,No,NA
24,HealthVerity,NA,NA,Demo request: https://healthverity.com/mastersets/demo-request/,USA,Insurance/claims data (prescription data),3,https://healthverity.com/mastersets/covid-19/,0,1,0,0,NA,Real-world comparative effectiveness of mRNA-1273 and BNT162b2 vaccines among immunocompromised adults identified in administrative claims data in the United States.,NA,NA,NA,NA,NA,NA,NA,NA,NA,NA,NA,NA,NA,NA,NA,NA,NA,NA,"Aetion, Inc, 5 Pennsylvania Plaza, New York, NY 10001, USA
E-mail address: katie.mues@aetion.com (K.E. Mues)",NA,NA,NA,NA,NA,NA,NA,NA,NA,NA,NA,NA,NA,NA,NA,NA,NA,NA,No,NA
25,Hong Kong Hospital Authority (HA),NA,NA,NA,Other: Hong Kong,"Hospital data (electronic health record); National registries (e.g. death registry, cancer registry, etc.)",3,NA,1,0,0,1,NA,Safety of Inactivated and mRNA COVID-19 Vaccination Among Patients Treated for Hypothyroidism: A Population-Based Cohort Study.,Association of Molnupiravir and Nirmatrelvir-Ritonavir with reduced mortality and sepsis in hospitalized omicron patients: a territory-wide study.,NA,NA,NA,NA,NA,NA,NA,NA,NA,NA,NA,NA,NA,NA,NA,NA,NA,"Ian Chi Kei Wong

Centre for Safe Medication Practice and Research, Department of Pharmacology and Pharmacy, Li Ka Shing Faculty of Medicine, The University of Hong Kong, Hong Kong SAR, China.

wongick@hku.hk","Timothy Hudson Rainer, thrainer@hku.hk",NA,NA,NA,NA,NA,NA,NA,NA,NA,NA,NA,NA,NA,NA,NA,NA,NA,No,NA
26,Hospitalized Adult Influenza Vaccine Effectiveness Network (HAIVEN),J. M. Ferdinands,ferdinands@cdc.gov,NA,USA,Hospital data (electronic health record),2,https://www.cdc.gov/flu/vaccines-work/haiven.html,1,0,0,0,NA,"Vaccine Effectiveness against Influenza-Associated Hospitalizations among Adults, 2018-2019, US Hospitalized Adult Influenza Vaccine Effectiveness Network",NA,NA,NA,NA,NA,NA,NA,NA,NA,NA,NA,NA,NA,NA,NA,NA,NA,NA," Jill M. Ferdinands, PhD, Centers for Disease Control and Prevention, 1600 
Clifton Rd NE, MS A-32, Atlanta, GA 30333, USA (jferdinands@cdc.gov).",NA,NA,NA,NA,NA,NA,NA,NA,NA,NA,NA,NA,NA,NA,NA,NA,NA,NA,No,NA
27,IQVIA databases,NA,NA,NA,USA; Other: worldwide,Hospital data (electronic health record); Insurance/claims data (prescription data),1,https://www.iqvia.com/solutions/real-world-evidence/real-world-data-and-insights#HealthDataCatalog,1,1,0,0,NA,A retrospective cohort study assessing relative effectiveness of adjuvanted versus high-dose trivalent influenza vaccines among older adults in the United States during the 2018-19 influenza season.,NA,NA,NA,NA,NA,NA,NA,NA,NA,NA,NA,NA,NA,NA,NA,NA,NA,NA,"Global Pricing & Health Economics Director, Seqirus Vaccines Ltd, 25 Deforest Avenue, Summit, NJ 07901, USA. Joaquin.Mould-Quevedo@seqirus.com",NA,NA,NA,NA,NA,NA,NA,NA,NA,NA,NA,NA,NA,NA,NA,NA,NA,NA,No,NA
28,ISACS-COVID-19,NA,gsc@isaric.org,NA,Other: Europe,Hospital data (electronic health record),3,https://clinicaltrials.gov/study/NCT05188612,1,0,0,0,NA,Sex differences and disparities in cardiovascular outcomes of COVID-19.,NA,NA,NA,NA,NA,NA,NA,NA,NA,NA,NA,NA,NA,NA,NA,NA,NA,NA,"Department of Medical and Surgical Sciences, University of Bologna, Padiglione 11, Via Massarenti 9, 40138 Bologna, Italy
Corresponding author. Tel: +39 051347290; fax: +39 051347290, E-mail: raffaele.bugiardini@unibo.it",NA,NA,NA,NA,NA,NA,NA,NA,NA,NA,NA,NA,NA,NA,NA,NA,NA,NA,No,NA
29,ISARIC WHO CCP-UK,NA,gsc@isaric.org,NA,UK,Hospital data (electronic health record); Disease specific network (cohort study),3,"https://www.bmj.com/content/369/bmj.m1985
",1,0,1,0,NA,NA,NA,NA,NA,NA,NA,NA,NA,NA,NA,NA,NA,NA,NA,NA,NA,NA,NA,NA,NA,NA,NA,NA,NA,NA,NA,NA,NA,NA,NA,NA,NA,NA,NA,NA,NA,NA,NA,No,NA
30,International Study of Inflammation in COVID‐19,Penney Blakely Kunkle,penegonz@med.umich.edu,NA,Other: International,Hospital data (electronic health record),2,"https://clinicaltrials.gov/study/NCT04818866

https://hayek.lab.medicine.umich.edu/research/covid19",1,0,0,0,NA,"Angiotensin-Converting Enzyme Inhibitors, Angiotensin II Receptor Blockers, and Outcomes in Patients Hospitalized for COVID-19.",NA,NA,NA,NA,NA,NA,NA,NA,NA,NA,NA,NA,NA,NA,NA,NA,NA,NA,"Salim S. Hayek, MD, Division of Cardiology, Department of Medicine, University of Michigan Frankel Cardiovascular Center, 1500 E Medical Center Dr, CVC #2709, Ann Arbor, MI 48109. E‐mail: ude.hcimu.dem@keyahs",NA,NA,NA,NA,NA,NA,NA,NA,NA,NA,NA,NA,NA,NA,NA,NA,NA,NA,No,NA
31,J-RECOVER study group,NA,NA,NA,Japan,Hospital data (electronic health record),3,https://www.jstage.jst.go.jp/article/ace/4/3/4_22012/_article,1,0,0,0,NA,Early intubation and decreased in-hospital mortality in patients with coronavirus disease 2019.,NA,NA,NA,NA,NA,NA,NA,NA,NA,NA,NA,NA,NA,NA,NA,NA,NA,NA,"ryo.yamamoto@gmail.com
Ryo Yamamoto
Department of Emergency and Critical Care Medicine, Keio University 
School of Medicine, 35 Shinanomachi, Shinjuku, Tokyo 160-8582, Japan",NA,NA,NA,NA,NA,NA,NA,NA,NA,NA,NA,NA,NA,NA,NA,NA,NA,NA,No,NA
32,Johns Hopkins CROWN Registry,NA,ICTR_navigators@jhmi.edu,NA,USA,Hospital data (electronic health record),3,https://ictr.johnshopkins.edu/covid-research-center/review-committees/cadre/,1,0,0,0,NA,Association Between Chronic Use of Immunosuppresive Drugs and Clinical Outcomes From Coronavirus Disease 2019 (COVID-19) Hospitalization: A Retrospective Cohort Study in a Large US Health System.,NA,NA,NA,NA,NA,NA,NA,NA,NA,NA,NA,NA,NA,NA,NA,NA,NA,NA,"Correspondence: G. C. Alexander, Johns Hopkins Bloomberg School of Public Health, Department of Epidemiology, 615 N Wolfe Street, W6035, Baltimore, MD 21205 (galexan9@jhmi.edu).",NA,NA,NA,NA,NA,NA,NA,NA,NA,NA,NA,NA,NA,NA,NA,NA,NA,NA,Yes,https://ictr.johnshopkins.edu/covid-research-center/registry-dashboard/jh-crown/
33,"KPNC Virtual Data Warehouse on exposures, outcomes, and covariates of interest",NA,NA,https://divisionofresearch.kaiserpermanente.org/about/contact-us/,USA,Hospital data (electronic health record),1,NA,1,0,0,0,NA,Anakinra or high-dose corticosteroids in COVID-19 pneumonia patients who deteriorate on low-dose dexamethasone: an observational study of comparative effectiveness.,High-dose corticosteroids in patients hospitalized for COVID-19 pneumonia: an observational study of comparative effectiveness.,The impact of timing of initiating invasive mechanical ventilation in COVID-19-related respiratory failure.,NA,NA,NA,NA,NA,NA,NA,NA,NA,NA,NA,NA,NA,NA,NA,NA,"Annette Langer-Gould, Southern California Permanente Medical Group, Neurology Department, Los Angeles Medical Center, 1505 N Edgemont, 5th Floor, Los Angeles, CA 90027.","Annette Langer-Gould, Southern California Permanente Medical Group, Neurology Department, Los Angeles Medical Center, 1505 N Edgemont, 5th Floor, Los Angeles, CA 90027","Kaiser Permanente Northern California Division of Research, 2000 Broadway, Oakland, CA 94612, United States of America. E-mail address: laura.c.myers@kp.org (L.C. Myers)",NA,NA,NA,NA,NA,NA,NA,NA,NA,NA,NA,NA,NA,NA,NA,NA,No,NA
34,Kaiser Permanente Southern California (KPSC),NA,NA,NA,USA,Hospital data (electronic health record),1,https://www.kp-scalresearch.org/aboutus/resources-capabilities/information-and-data-resources/,1,0,0,0,NA,Safety of Influenza Vaccination Administered During Hospitalization.,Association Between Dexamethasone Treatment After Hospital Discharge for Patients With COVID-19 Infection and Rates of Hospital Readmission and Mortality.,Anakinra or high-dose corticosteroids in COVID-19 pneumonia patients who deteriorate on low-dose dexamethasone: an observational study of comparative effectiveness.,High-dose corticosteroids in patients hospitalized for COVID-19 pneumonia: an observational study of comparative effectiveness.,The impact of timing of initiating invasive mechanical ventilation in COVID-19-related respiratory failure.,NA,NA,NA,NA,NA,NA,NA,NA,NA,NA,NA,NA,NA,NA,"Sara Y. Tartof, PhD, MPH, Department of Research and Evaluation, Kaiser Permanente Southern California, 100 S Los Robles, 2nd Floor, Pasadena, CA 91101 (sara.y.tartof@kp.org)","Cheng-Wei Huang, MD, Department of Hospital Medicine, Kaiser Permanente Los Angeles Medical Center, 4867 W Sunset Blvd, 6th Flr, Los Angeles, CA 90027 (gro.pk@gnauh.iew-gnehc).","Annette Langer-Gould, Southern California Permanente Medical Group, Neurology Department, Los Angeles Medical Center, 1505 N Edgemont, 5th Floor, Los Angeles, CA 90027.","Annette Langer-Gould, Southern California Permanente Medical Group, Neurology Department, Los Angeles Medical Center, 1505 N Edgemont, 5th Floor, Los Angeles, CA 90027","Kaiser Permanente Northern California Division of Research, 2000 Broadway, Oakland, CA 94612, United States of America. E-mail address: laura.c.myers@kp.org (L.C. Myers)",NA,NA,NA,NA,NA,NA,NA,NA,NA,NA,NA,NA,NA,NA,No,NA
35,Khorshid COVID Cohort (KCC),NA,NA,NA,NA,NA,3,NA,0,0,1,0,NA,NA,NA,NA,NA,NA,NA,NA,NA,NA,NA,NA,NA,NA,NA,NA,NA,NA,NA,NA,NA,NA,NA,NA,NA,NA,NA,NA,NA,NA,NA,NA,NA,NA,NA,NA,NA,NA,NA,No,NA
36,Korean National Health Insurance Service (NHIS) database,Call Center English Consultant · 033-811-2000 (Overseas: 82-33-811-2001) https://www.nhis.or.kr,NA,NA,South Korea,Insurance/claims data (prescription data),1,NA,0,1,0,0,NA,Cardiovascular outcomes between COVID-19 and non-COVID-19 pneumonia: a nationwide cohort study.,NA,NA,NA,NA,NA,NA,NA,NA,NA,NA,NA,NA,NA,NA,NA,NA,NA,NA,"Sun‑Young Jung - jsyoung@cau.ac.kr, Won‑Young Kim - wykim81@cau.ac.k",NA,NA,NA,NA,NA,NA,NA,NA,NA,NA,NA,NA,NA,NA,NA,NA,NA,NA,No,NA
37,MGH Covid-19 Data Registry,Riccardo Pinciroli,rpinciroli@mgh.harvard.edu,NA,USA,Hospital data (electronic health record),3,https://rc.partners.org/about/projects-initiatives/new-covid-19-research-tools-researchers/covid-19-external-data-sets,1,0,0,0,NA,Association of Statins and 28-Day Mortality Rates in Patients Hospitalized With Severe Acute Respiratory Syndrome Coronavirus 2 Infection.,NA,NA,NA,NA,NA,NA,NA,NA,NA,NA,NA,NA,NA,NA,NA,NA,NA,NA,"Patricia P. Bloom, Division of Gastroenterology and Hepatology, Department 
of Internal Medicine, 1500 E Medical Center Dr, Ann Arbor, MI 48104 (ppbloom@med.umich.edu).",NA,NA,NA,NA,NA,NA,NA,NA,NA,NA,NA,NA,NA,NA,NA,NA,NA,NA,No,NA
38,MarketScan Medicare Supplemental,NA,NA,Redivis • Contact,NA,NA,3,NA,0,1,0,0,NA,NA,NA,NA,NA,NA,NA,NA,NA,NA,NA,NA,NA,NA,NA,NA,NA,NA,NA,NA,NA,NA,NA,NA,NA,NA,NA,NA,NA,NA,NA,NA,NA,NA,NA,NA,NA,NA,NA,No,NA
39,Medicare,ResDAC Help Desk The Help Desk can be reached toll-free at (888)9-ResDAC   (888-973-7322),resdac@umn.edu,NA,USA,Insurance/claims data (prescription data),1,NA,0,1,0,0,NA,The Impact of COVID-19 on Postdischarge Outcomes for Dialysis Patients in the United States: Evidence from Medicare Claims Data.,NA,NA,NA,NA,NA,NA,NA,NA,NA,NA,NA,NA,NA,NA,NA,NA,NA,NA," Dr. John D. Kalbfleisch, Kidney Epidemiology and Cost Center, University of Michigan, 1415 Washington Heights,
Suite 3645A SPH I, Ann Arbor, MI 48109. Email: jdkalbfl@umich.edu",NA,NA,NA,NA,NA,NA,NA,NA,NA,NA,NA,NA,NA,NA,NA,NA,NA,NA,No,NA
40,Mount Sinai Health System,NA,NA,NA,USA,Hospital data (electronic health record),3,https://labs.icahn.mssm.edu/msdw/ (not currently working),1,0,0,0,NA,Association of Reduced Hospitalizations and Mortality Rates Among COVID-19-Vaccinated Patients With Heart Failure.,NA,NA,NA,NA,NA,NA,NA,NA,NA,NA,NA,NA,NA,NA,NA,NA,NA,NA,"Anuradha Lala, MD, Mount Sinai Medical
Center: Mount Sinai Health System. 1 Gustave Levy Pl. New York,",NA,NA,NA,NA,NA,NA,NA,NA,NA,NA,NA,NA,NA,NA,NA,NA,NA,NA,NA,NA
41,Mout Sinai Health System Data Warehouse,NA,NA,NA,USA,Hospital data (electronic health record),1,https://labs.icahn.mssm.edu/msdw/data-sources/,1,0,0,0,NA,The association of hemoglobin drop with in-hospital outcomes in COVID-19 patients.,"Hospital factor and prognosis of COVID-19 in New York City, the United States of America: insights from a retrospective cohort study.",The association of statins use with survival of patients with COVID-19.,The association of anticoagulation before admission and survival of patients with COVID-19.,NA,NA,NA,NA,NA,NA,NA,NA,NA,NA,NA,NA,NA,NA,NA,"Dr T. Kuno, MD, PhD, Division of Cardiology, Montefiore Medical Center, Albert Einsten College of Medicine, 111 East 210th St,
New York, 10467-2401, USA. email: tkuno@montefiore.org","Department of Cardiology, Montefiore Medical Center,
Albert Einstein Medical College, 111 East 210th St, Bronx, NY 10467–2401, USA.
E-mail address: kuno-toshiki@hotmail.co.jp","Department of Cardiology, Montefiore Medical Center,
Albert Einstein Medical College, 111 East 210th St, Bronx, NY 10467–2401, USA.
E-mail address: tkuno@montefiore.org (T. Kuno)","Department of Cardiology, Montefiore Medical Center,
Albert Einstein Medical College, 111 East 210th St, Bronx, NY 10467–2401, USA.
E-mail address: tkuno@montefiore.org (T. Kuno)",NA,NA,NA,NA,NA,NA,NA,NA,NA,NA,NA,NA,NA,NA,NA,No,NA
42,National COVID Cohort Collaborative (N3C),https://covid.cd2h.org/ (found by Thale accidentally),NA,N3C Enclave Access Support - Only - N3C Support Desk - Jira Service Management,USA,Hospital data (electronic health record); Disease specific network (cohort study),1,"https://covid.cd2h.org/

Data dictionary: https://ncats.nih.gov/sites/default/files/OMOP_CDM_COVID.pdf",1,0,1,0,NA,Association of Early Aspirin Use With In-Hospital Mortality in Patients With Moderate COVID-19.,Metformin is associated with reduced COVID-19 severity in patients with prediabetes.,NA,NA,NA,NA,NA,NA,NA,NA,NA,NA,NA,NA,NA,NA,NA,NA,NA,"Jonathan H. Chow, MD, Department of Anesthesiology and Critical Care Medicine, George Washington University School of Medicine and Health Sciences, 2300 M St NW, Room 709, Washington, DC 20037 (jchow@mfa.gwu.edu).","Lawrence Berkeley National Laboratory, 717 Potter St., Berkeley, CA 94710, USA. E-mail address: justinreese@lbl.gov",NA,NA,NA,NA,NA,NA,NA,NA,NA,NA,NA,NA,NA,NA,NA,NA,NA,Yes,https://ncats.nih.gov/sites/default/files/OMOP_CDM_COVID.pdf
43,National Health Insurance Research Database (NHIRD),"Pau-Chung Chen
 Institute of Occupational Medicine and Industrial Hygiene, National 
Taiwan University College of Public Health, 17 Xu-Zhou Road, 
Taipei 10055, Taiwan",pchen@ntu.edu.tw,NA,Other: Taiwan,Insurance/claims data (prescription data),1,"https://nhird.nhri.edu.tw/date_01_en.html
https://www.dovepress.com/taiwans-national-health-insurance-research-database-past-and-future-peer-reviewed-fulltext-article-CLEP",0,1,0,0,NA,Angiotensin-converting enzyme inhibitor/angiotensin II receptor blockers and pneumonia risk among stroke patients.,NA,NA,NA,NA,NA,NA,NA,NA,NA,NA,NA,NA,NA,NA,NA,NA,NA,NA,"Correspondence to Mei-Shu Lai, Graduate Institute of Epidemiology and Preventive Medicine, College of Public Health, National Taiwan University, 5Fl. No. 17, Hsu Chow Road, Taipei 100, Taiwan.Tel: +886 2 33668028; fax: +886 2 23511955; e-mail: mslai@ntu.edu.tw",NA,NA,NA,NA,NA,NA,NA,NA,NA,NA,NA,NA,NA,NA,NA,NA,NA,NA,No,NA
44,National Hospital Organization (NHO) Japan database,"For more information about applying to use the NHO database, please contact the Database planning division, Information technology department of the NHO by e-mail",700-dbproject@mail.hosp.go.jp,NA,Japan,Hospital data (electronic health record),1,https://pubmed.ncbi.nlm.nih.gov/35615723/,1,0,0,0,NA,Economic and clinical burden from carbapenem-resistant bacterial infections and factors contributing: a retrospective study using electronic medical records in Japan,NA,NA,NA,NA,NA,NA,NA,NA,NA,NA,NA,NA,NA,NA,NA,NA,NA,NA,"Norihiko Inoue, I think... (doesn't say for sure) noricom.tmdu@gmail.com",NA,NA,NA,NA,NA,NA,NA,NA,NA,NA,NA,NA,NA,NA,NA,NA,NA,NA,No,NA
45,New York-Presbyterian Columbia University Irving Medical Center (NYP-CUIMC),"Clinical Data Warehouse Navigator
622 West 168th Street, 10th Floor
New York, NY 10032
United States",irvinginst_bmir@cumc.columbia.edu,NA,USA,Hospital data (electronic health record),3,NA,1,0,0,0,NA,Observational Study of Hydroxychloroquine in Hospitalized Patients with Covid-19.,"Characteristics and outcomes of 627 044 COVID-19 patients living with and without obesity in the United States, Spain, and the United Kingdom.",NA,NA,NA,NA,NA,NA,NA,NA,NA,NA,NA,NA,NA,NA,NA,NA,NA,"Dr. Schluger at the Division of Pulmonary, Allergy, and Critical Care Medicine, Columbia University Irving Medical Center, PH-8 E., Rm. 101, 622 W. 168th St., New York, NY 10032, or at ns311@cumc.columbia.edu.","Talita Duarte-Salles

Fundació Institut Universitari per a la recerca a l’Atenció Primària de Salut Jordi Gol i Gurina (IDIAPJGol), Barcelona, Spain
tduarte@idiapjgol.org",NA,NA,NA,NA,NA,NA,NA,NA,NA,NA,NA,NA,NA,NA,NA,NA,NA,No,NA
46,"Northwestern Medicine Electronic Data 
Warehouse (NMEDW)",Daniel Schneider (in charge of collecting together ALL datasets from NMEDW),d-schneider@northwestern.edu,NA,USA,Hospital data (electronic health record),1,https://www.feinberg.northwestern.edu/research/cores/units/edw.html,1,0,0,0,NA,Association of statin use with outcomes of patients admitted with COVID-19: an analysis of electronic health records using superlearner.,NA,NA,NA,NA,NA,NA,NA,NA,NA,NA,NA,NA,NA,NA,NA,NA,NA,NA,"Babafemi Taiwo, b-taiwo@northwestern.edu",NA,NA,NA,NA,NA,NA,NA,NA,NA,NA,NA,NA,NA,NA,NA,NA,NA,NA,No,NA
47,Norwegian Patient Registry (NPR),NA,pasientregistre@fhi.no,https://helsedata.no/en/forvaltere/norwegian-institute-of-public-health/norwegian-patient-registry-npr/#nav-heading-3,NA,NA,3,NA,0,0,0,1,NA,NA,NA,NA,NA,NA,NA,NA,NA,NA,NA,NA,NA,NA,NA,NA,NA,NA,NA,NA,NA,NA,NA,NA,NA,NA,NA,NA,NA,NA,NA,NA,NA,NA,NA,NA,NA,NA,NA,No,NA
48,OnCovid,NA,NA,NA,Other: Europa wide,Disease specific network (cohort study),3,https://imperialbrc.nihr.ac.uk/research/infection/covid-19/covid-19-ongoing-studies/oncovid/,0,0,1,0,NA,Immune checkpoint inhibitor therapy and outcomes from SARS-CoV-2 infection in patients with cancer: a joint analysis of OnCovid and ESMO-CoCARE registries.,"Vaccination against SARS-CoV-2 protects from morbidity, mortality and sequelae from COVID19 in patients with cancer.",Pandemic Phase-Adjusted Analysis of COVID-19 Outcomes Reveals Reduced Intrinsic Vulnerability and Substantial Vaccine Protection From Severe Acute Respiratory Syndrome Coronavirus 2 in Patients With Breast Cancer.,NA,NA,NA,NA,NA,NA,NA,NA,NA,NA,NA,NA,NA,NA,NA,NA,Dr Alessio Cortellini; alessiocortellini@gmail.com,"alessiocortellini@gmail.com, a.cortellini@imperial.ac.uk (A. Cortellini)","Alessio Cortellini, MD, PhD, Department of Surgery and Cancer, Imperial College London, Hammersmith Campus, London, United Kingdom; e-mail: alessiocortellini@gmail.com.",NA,NA,NA,NA,NA,NA,NA,NA,NA,NA,NA,NA,NA,NA,NA,NA,No,NA
49,Optum Claims Data,NA,NA,https://www.optum.com/en/business/insights/life-sciences/page.hub5.contact-life-sciences.html,NA,NA,3,NA,0,1,0,0,NA,NA,NA,NA,NA,NA,NA,NA,NA,NA,NA,NA,NA,NA,NA,NA,NA,NA,NA,NA,NA,NA,NA,NA,NA,NA,NA,NA,NA,NA,NA,NA,NA,NA,NA,NA,NA,NA,NA,No,NA
50,PREDI-CO,NA,NA,NA,Other: Italy,Hospital data (electronic health record),3,https://clinicaltrials.gov/study/NCT04316949,1,0,0,0,NA,Efficacy of corticosteroid treatment for hospitalized patients with severe COVID-19: a multicentre study.,Exposure to psychotropic medications and COVID-19 course after hospital admission: Results from a prospective cohort study.,NA,NA,NA,NA,NA,NA,NA,NA,NA,NA,NA,NA,NA,NA,NA,NA,NA,"Michele Bartoletti, Infectious Diseases Unit, Sant’Orsola Malpighi Hospital, Via Massarenti 11, 40137, Bologna, Italy.
E-mail address: m.bartoletti@unibo.it (M. Bartoletti).","Giale Giacobazzi, 96, 41049 Sassuolo (MO), Italy. 
E-mail address: giuseppe.dandrea6@studio.unibo.it (G. D'Andrea).",NA,NA,NA,NA,NA,NA,NA,NA,NA,NA,NA,NA,NA,NA,NA,NA,NA,No,NA
51,Patient Episode Database for Wales,NA,NA,Contact - SAIL Databank,Other: Wales,Hospital data (electronic health record),1,https://dhcw.nhs.wales/information-services/information-delivery/archived-pedw-data-online/,1,0,0,0,NA,NA,NA,NA,NA,NA,NA,NA,NA,NA,NA,NA,NA,NA,NA,NA,NA,NA,NA,NA,NA,NA,NA,NA,NA,NA,NA,NA,NA,NA,NA,NA,NA,NA,NA,NA,NA,NA,NA,Yes,https://healthdatagateway.org/en/dataset/318
52,Premier Healthcare Database,NA,solutioncenter@premierinc.com,NA,USA,Insurance/claims data (prescription data),1,https://offers.premierinc.com/rs/381-NBB-525/images/PremierHealthcareDatabaseWhitepaper.pdf,0,1,0,0,NA,Dualtherapy for pseudomonas and outcomes in healthcare associated pneumonia,Oral versus intravenous fluoroquinolones for the initial treatment of community acquired pneumonia in hospitalized patients,Antimicrobial resistance or delayed appropriate therapy - Does one influence outcomes more than the other among patients with serious infections due to carbapenem-resistant versus carbapenem-susceptible enterobacteriaceae?,Impact of Delayed Appropriate Antibiotic Therapy on Patient Outcomes by Antibiotic Resistance Status From Serious Gram-negative Bacterial Infections,Noninvasive Ventilation Use in Critically Ill Patients with Acute Asthma Exacerbations.,NA,NA,NA,NA,NA,NA,NA,NA,NA,NA,NA,NA,NA,NA,"Department of Medicine, Medicine Institute, Cleveland Clinic, 9500 Euclid Avenue, Cleveland, OH 44195, USA. Tel: +1-216-445-6600; E-mail: rothbem@ccf.org","R. K. Belforti, Baystate Medical Center, 759 Chestnut St, Springfield, MA 01199 (raquel.belforti@bhs.org)","Thomas P. Lodise, PharmD, PhD, Albany College of Pharmacy and Health Sciences, 106 New Scotland Ave., Albany, NY 12208 (thomas.lodise@acphs.edu)","Nicole G. Bonine, PhD, MPH, Global Health Outcomes Strategy & Research, Allergan plc, 2525 Dupont Drive (T2-2P), Irvine, CA 92612-1599. (E-mail: nicole.bonine@allergan.com).","Meghan D. Althoff, M.D., Ph.D., Division of Pulmonary Sciences and Critical Care Medicine, University of Colorado School of Medicine, 12700 East 19th Avenue, RM 9023, Mail Stop C272, Aurora, CO 80045. E-mail: meghan.althoff@cuanschutz.edu",NA,NA,NA,NA,NA,NA,NA,NA,NA,NA,NA,NA,NA,NA,No,NA
53,Providence-Swedish healthcare system,Jane Rattray,HIMAffiliateAccess@Swedish.org,NA,USA,Insurance/claims data (prescription data),1,NA,0,1,0,0,NA,Comparing Initial Surgery versus Fibrinolytics for Pleural Space Infections: A Retrospective Multicenter Cohort Study.,NA,NA,NA,NA,NA,NA,NA,NA,NA,NA,NA,NA,NA,NA,NA,NA,NA,NA,"Jed A. Gorden, M.D., Division of Thoracic Surgery and Interventional
Pulmonology, Swedish Cancer Institute, 1101 Madison Street, Suite 900, Seattle, WA 98104. E-mail: jed.gorden@swedish.org.",NA,NA,NA,NA,NA,NA,NA,NA,NA,NA,NA,NA,NA,NA,NA,NA,NA,NA,No,NA
54,Qatar Cerner-system advanced,"Can't find direct information, but the hospital that ""owns"" the system is Hamad Medical Corporation. Their clinical trials unit mght be able to help us - CTU@hamad.qa",NA,NA,Other: Qatar,"Hospital data (electronic health record); National registries (e.g. death registry, cancer registry, etc.)",1,NA,1,0,0,1,NA,Long-term COVID-19 booster effectiveness by infection history and clinical vulnerability and immune imprinting: a retrospective population-based cohort study.,NA,NA,NA,NA,NA,NA,NA,NA,NA,NA,NA,NA,NA,NA,NA,NA,NA,NA,"Dr Hiam Chemaitelly, Infectious 
Disease Epidemiology Group, 
Weill Cornell Medicine-Qatar, 
Doha 24144, Qatar
hsc2001@qatar-med.cornell.
edu",NA,NA,NA,NA,NA,NA,NA,NA,NA,NA,NA,NA,NA,NA,NA,NA,NA,NA,No,NA
55,"REACTing (the network, not the database)",NA,NA,NA,France; Other: Luxembourg,Hospital data (electronic health record),2,https://www.iame-research.center/associated-organisations/reacting-2/,1,0,0,0,NA,Corticosteroids in patients hospitalized for COVID-19 pneumonia who require oxygen: observational comparative study using routine care data.,NA,NA,NA,NA,NA,NA,NA,NA,NA,NA,NA,NA,NA,NA,NA,NA,NA,NA,"François-Xavier Lescure, Service de Maladies Infectieuses et Tropicales, Hopital Bichat, Assistance Publique Hopitaux de Paris
E-mail address: xavier.lescure@aphp.fr",NA,NA,NA,NA,NA,NA,NA,NA,NA,NA,NA,NA,NA,NA,NA,NA,NA,NA,No,NA
56,Rhode Island Hospital,"Can't find any contact point, but ""Samara Viner Brown"" is listed on an information access form for RIH hospital discharge data access request.",Samara.VinerBrown@health.ri.gov,https://health.ri.gov/data/hospitalization/discharge//,USA,Hospital data (electronic health record),3,NA,1,0,0,0,NA,Hydroxychloroquine use in hospitalised patients with COVID-19: An observational matched cohort study.,NA,NA,NA,NA,NA,NA,NA,NA,NA,NA,NA,NA,NA,NA,NA,NA,NA,NA,"Cheston Cunha - ccunha@Lifespan.org, Eleftherios Mylonakis - emylonakis@lifespan.org",NA,NA,NA,NA,NA,NA,NA,NA,NA,NA,NA,NA,NA,NA,NA,NA,NA,NA,No,NA
57,Rush University Hospital Data Warehouse,NA,NA,NA,USA,Hospital data (electronic health record),1,https://www.rushu.rush.edu/research/resources-researchers/data-management,1,0,0,0,NA,Evaluation of a fast-and-frugal clinical decision algorithm ('pathways') on clinical outcomes in hospitalised patients with COVID-19 treated with anticoagulants.,NA,NA,NA,NA,NA,NA,NA,NA,NA,NA,NA,NA,NA,NA,NA,NA,NA,NA,"Benjamin Djulbegovic, MD, PhD, Beckman Research Institute, 1500 E Duarte Rd, Duarte, CA 91010-3000, USA.

bdjulbegovic@coh.org",NA,NA,NA,NA,NA,NA,NA,NA,NA,NA,NA,NA,NA,NA,NA,NA,NA,NA,No,NA
58,Swedish COVID-19 Investigation for Future Insights,Fredrik Nyberg (proj leader),fredrik.nyberg.2@gu.se,https://www.rushu.rush.edu/research-rush-university/resources-researchers/data-management,Other: Sweden,"National registries (e.g. death registry, cancer registry, etc.); Other: Outpatient",3,"https://www.gu.se/en/research/scifi-pearl

https://www.ncbi.nlm.nih.gov/pmc/articles/PMC8331198/",0,0,0,1,Outpatient,Regular Inhaled Corticosteroids Use May Protect Against Severe COVID-19 Outcome in COPD.,NA,NA,NA,NA,NA,NA,NA,NA,NA,NA,NA,NA,NA,NA,NA,NA,NA,NA,"Marina Labor, Cancer and Lung Health Care Unit, University Hospital in Linköping, Linköping, Sweden, Tel +46739238935
Email marina.os21@gmail.com",NA,NA,NA,NA,NA,NA,NA,NA,NA,NA,NA,NA,NA,NA,NA,NA,NA,NA,No,NA
59,System for Research in Primary Care (SIDIAP),NA,sidiap@idiapjgol.org,NA,Spain,Hospital data (electronic health record); Other: Outpatient data,3,NA,1,0,0,0,Outpatient data,"Characteristics and outcomes of 627 044 COVID-19 patients living with and without obesity in the United States, Spain, and the United Kingdom.",NA,NA,NA,NA,NA,NA,NA,NA,NA,NA,NA,NA,NA,NA,NA,NA,NA,NA,"Talita Duarte-Salles

Fundació Institut Universitari per a la recerca a l’Atenció Primària de Salut Jordi Gol i Gurina (IDIAPJGol), Barcelona, Spain
tduarte@idiapjgol.org",NA,NA,NA,NA,NA,NA,NA,NA,NA,NA,NA,NA,NA,NA,NA,NA,NA,NA,No,NA
60,The Civil Registration system,NA,kc@cpr.dk,NA,Denmark,"National registries (e.g. death registry, cancer registry, etc.)",1,NA,0,0,0,1,NA,Thromboembolic Risk in Patients With Pneumonia and New-Onset Atrial Fibrillation Not Receiving Anticoagulation Therapy.,NA,NA,NA,NA,NA,NA,NA,NA,NA,NA,NA,NA,NA,NA,NA,NA,NA,NA," Mette Søgaard, DVM, PhD, Department of Cardiology, Aalborg University Hospital, Sønder Skovvej 15, 9000 Aalborg, Denmark (mette.soegaard@rn.dk)",NA,NA,NA,NA,NA,NA,NA,NA,NA,NA,NA,NA,NA,NA,NA,NA,NA,NA,No,NA
61,TriNetX database,NA,NA,NA,Other: Global,Hospital data (electronic health record); Other: Outpatient?,1,https://trinetx.com/solutions/real-world-datasets/#s_2,1,0,0,0,Outpatient?,Characteristics and outcomes of hospitalised adults with COVID-19 in a Global Health Research Network: a cohort study.,NA,NA,NA,NA,NA,NA,NA,NA,NA,NA,NA,NA,NA,NA,NA,NA,NA,NA,Dr Ying Bao; ying.bao@bms.com,NA,NA,NA,NA,NA,NA,NA,NA,NA,NA,NA,NA,NA,NA,NA,NA,NA,NA,No,NA
62,Two University Hospitals in Wuhan Region,NA,NA,NA,Other: China,Hospital data (electronic health record),3,NA,1,0,0,0,NA,High-Dose Intravenous Immunoglobulin in Severe Coronavirus Disease 2019: A Multicenter Retrospective Study in China,NA,NA,NA,NA,NA,NA,NA,NA,NA,NA,NA,NA,NA,NA,NA,NA,NA,NA,"Taisheng Li
litsh@263.net",NA,NA,NA,NA,NA,NA,NA,NA,NA,NA,NA,NA,NA,NA,NA,NA,NA,NA,No,NA
63,UCLA,NA,NA,NA,USA,Hospital data (electronic health record),1,[Design Study | ResearchGo | UCLA](https://www.researchgo.ucla.edu/design-study),1,0,0,0,NA,Increasing serum iron levels and their role in the risk of infectious diseases: a Mendelian randomization approach.,NA,NA,NA,NA,NA,NA,NA,NA,NA,NA,NA,NA,NA,NA,NA,NA,NA,NA,"Corresponding author. Lady Davis Institute for Medical Research, Jewish General Hospital, Pavilion H-413, 3755 Coˆte-
Ste-Catherine, Montre´ al, QC H3T 1E2, Canada. E-mail: brent.richards@mcgill.ca",NA,NA,NA,NA,NA,NA,NA,NA,NA,NA,NA,NA,NA,NA,NA,NA,NA,NA,No,NA
64,University College Hospital (UCH),"No information here, so unsure which study we are looking for? Link given is to the ""Find a study"" page.",NA,NA,UK,Hospital data (electronic health record),3,NA,1,0,0,0,NA,NA,NA,NA,NA,NA,NA,NA,NA,NA,NA,NA,NA,NA,NA,NA,NA,NA,NA,NA,NA,NA,NA,NA,NA,NA,NA,NA,NA,NA,NA,NA,NA,NA,NA,NA,NA,NA,NA,No,NA
65,University of Minnesota Clinical and Translational Institute (CTSI) data repository,NA,umncrsc@umn.edu,NA,USA,Hospital data (electronic health record),1,https://ctsi.umn.edu/services/data-informatics/find-access-data,1,0,0,0,NA,Application of Causal Discovery Algorithms in Studying the Nephrotoxicity of Remdesivir Using Longitudinal Data from the EHR.,NA,NA,NA,NA,NA,NA,NA,NA,NA,NA,NA,NA,NA,NA,NA,NA,NA,NA,https://www.linkedin.com/in/jianqiu-zhang-6b135a118/,NA,NA,NA,NA,NA,NA,NA,NA,NA,NA,NA,NA,NA,NA,NA,NA,NA,NA,No,NA
66,University of Washington (UW) Enterprise Data Warehouse,put “EDW Access” in the subject line,help@uw.edu,NA,USA,Hospital data (electronic health record),1,https://itconnect.uw.edu/tools-services-support/data-reporting/data/enterprise-data-warehouse/,1,0,0,0,NA,"Tocilizumab in hospitalized patients with COVID-19: Clinical outcomes, inflammatory marker kinetics, and safety.",NA,NA,NA,NA,NA,NA,NA,NA,NA,NA,NA,NA,NA,NA,NA,NA,NA,NA,"Correspondence Joshua A. Hill, Fred Hutchinson Cancer Research Center and University of Washington, 1100 Fairview Ave N, Mail Stop E-400, Seattle, WA 98109.",NA,NA,NA,NA,NA,NA,NA,NA,NA,NA,NA,NA,NA,NA,NA,NA,NA,NA,No,NA
67,Vizient Clinical Data Base® (CDB),NA,clinicalanalytics@vizientinc.com,NA,USA,Insurance/claims data (prescription data),1,https://www.vizientinc.com/what-we-do/operations-and-quality/clinical-data-base,0,1,0,0,NA,Impact of COVID-19 on Outcomes in Ischemic Stroke Patients in the United States.,NA,NA,NA,NA,NA,NA,NA,NA,NA,NA,NA,NA,NA,NA,NA,NA,NA,NA,"Department of Neurology, University of Utah, 175 N. Medical Dr, Salt Lake City, UT 84132, United States
adam.dehavenon@hsc.utah.edu",NA,NA,NA,NA,NA,NA,NA,NA,NA,NA,NA,NA,NA,NA,NA,NA,NA,NA,No,NA
68,danish registries,NA,kontakt@sundhedsdata.dk,NA,Denmark,"Hospital data (electronic health record); National registries (e.g. death registry, cancer registry, etc.)",1,https://pure.au.dk/portal/en/publications/the-danish-national-prescription-registry,1,0,0,1,NA,Thromboembolic Risk in Patients With Pneumonia and New-Onset Atrial Fibrillation Not Receiving Anticoagulation Therapy.,Thromboembolic Risk in Patients With Pneumonia and New-Onset Atrial Fibrillation Not Receiving Anticoagulation Therapy.,NA,NA,NA,NA,NA,NA,NA,NA,NA,NA,NA,NA,NA,NA,NA,NA,NA," Mette Søgaard, DVM, PhD, Department of Cardiology, Aalborg University Hospital, Sønder Skovvej 15, 9000 Aalborg, Denmark (mette.soegaard@rn.dk)"," Mette Søgaard, DVM, PhD, Department of Cardiology, Aalborg University Hospital, Sønder Skovvej 15, 9000 Aalborg, Denmark (mette.soegaard@rn.dk)",NA,NA,NA,NA,NA,NA,NA,NA,NA,NA,NA,NA,NA,NA,NA,NA,NA,No,NA
69,enterprise data warehouse (EDW) at Intermountain Healthcare,NA,officeofresearch@imail.org,NA,USA,Hospital data (electronic health record),3,NA,1,0,0,0,NA,Broad-spectrum antibiotic use and poor outcomes in community-onset pneumonia: a cohort study.,Antibiotic Use and Outcomes After Implementation of the Drug Resistance in Pneumonia Score in ED Patients With Community-Onset Pneumonia.,NA,NA,NA,NA,NA,NA,NA,NA,NA,NA,NA,NA,NA,NA,NA,NA,NA,"Brandon J. Webb, Division of Infectious Diseases and Clinical Epidemiology, Intermountain Medical Center, 5121 South Cottonwood Drive, Murray, UT 84157, USA. E-mail: brandon.webb@imail.org","Brandon J. Webb, MD, Division of Infectious Diseases and Clinical Epidemiology, Intermountain Medical Center, 5121 S Cottonwood Dr, Murray, UT 84157",NA,NA,NA,NA,NA,NA,NA,NA,NA,NA,NA,NA,NA,NA,NA,NA,NA,No,NA
